Model,Accuracy,Precision,Recall,F1-Score,Accuracy High Risk,Accuracy Low Risk
"MLP(64, 32, 16, 8)(alpha: 0.33, lr: 0.01)",0.9913338439654229,0.991396977681451,0.9913338439654229,0.9913541015642606,0.9863796915101771,0.9926931470364715
"SimpleCNN(batch: 64, epochs: 15, lr: 0.005)",0.9882098697888172,0.9726076129491285,0.9726323279038447,0.9726199702694804,0.9726323279038447,0.9924839813982026
KNNClassifier (k=3),0.9886803807856439,0.9887110079727698,0.9886803807856439,0.9886931061174237,0.9768251467486596,0.991933178550761
LogisticRegression (C=10),0.9839643287011708,0.9839086413433354,0.9839643287011708,0.9838742884268673,0.9476278809747668,0.9939341964902005
DecisionTreeClassifier (depth=3),0.9917769996717365,0.9918788240602241,0.9917769996717365,0.9918045517488948,0.9902675780753691,0.9921911495046261
