Model,Accuracy,Precision,Recall,F1-Score,Accuracy High Risk,Accuracy Low Risk
"MLP(64, 32, 16, 8)(alpha: 0.33, lr: 0.01)",0.9912900755006018,0.9913517531157956,0.9912900755006018,0.9913100415068167,0.98615099230046,0.9927001192244138
"SimpleCNN(batch: 64, epochs: 15, lr: 0.005)",0.992356931830616,0.9729837503738411,0.9920463497065026,0.9824225876668722,0.9920463497065026,0.9924421482705488
